﻿Liam,Emma,Smith
Noah,Olivia,Johnson
Oliver,Ava,Williams
William,Isabella,Brown
Elijah,Sophia,Jones
James,Charlotte,Miller
Benjamin,Mia,Davis
Lucas,Amelia,Garcia
Mason,Harper,Rodriguez
Ethan,Evelyn,Wilson
Alexander,Abigail,Martinez
Henry,Emily,Anderson
Jacob,Elizabeth,Taylor
Michael,Mila,Thomas
Daniel,Ella,Hernandez
Logan,Avery,Moore
Jackson,Sofia,Martin
Sebastian,Camila,Jackson
Jack,Aria,Thompson
Aiden,Scarlett,White
Owen,Victoria,Lopez
Samuel,Madison,Lee
Matthew,Luna,Gonzalez
Joseph,Grace,Harris
Levi,Chloe,Clark
Mateo,Penelope,Lewis
David,Layla,Robinson
John,Riley,Walker
Wyatt,Zoey,Perez
Carter,Nora,Hall
Julian,Lily,Young
Luke,Eleanor,Allen
Grayson,Hannah,Sanchez
Isaac,Lillian,Wright
Jayden,Addison,King
Theodore,Aubrey,Scott
Gabriel,Ellie,Green
Anthony,Stella,Baker
Dylan,Natalie,Adams
Leo,Zoe,Nelson
Lincoln,Leah,Hill
Jaxon,Hazel,Ramirez
Asher,Violet,Campbell
Christopher,Aurora,Mitchell
Josiah,Savannah,Roberts
Andrew,Audrey,Carter
Thomas,Brooklyn,Phillips
Joshua,Bella,Evans
Ezra,Claire,Turner
Hudson,Skylar,Torres
Charles,Lucy,Parker
Caleb,Paisley,Collins
Isaiah,Everly,Edwards
Ryan,Anna,Stewart
Nathan,Caroline,Flores
Adrian,Nova,Morris
Christian,Genesis,Nguyen
Maverick,Emilia,Murphy
Colton,Kennedy,Rivera
Elias,Samantha,Cook
Aaron,Maya,Rogers
Eli,Willow,Morgan
Landon,Kinsley,Peterson
Jonathan,Naomi,Cooper
Nolan,Aaliyah,Reed
Hunter,Elena,Bailey
Cameron,Sarah,Bell
Connor,Ariana,Gomez
Santiago,Allison,Kelly
Jeremiah,Gabriella,Howard
Ezekiel,Alice,Ward
Angel,Madelyn,Cox
Roman,Cora,Diaz
Easton,Ruby,Richardson
Miles,Eva,Wood
Robert,Serenity,Watson
Jameson,Autumn,Brooks
Nicholas,Adeline,Bennett
Greyson,Hailey,Gray
Cooper,Gianna,James
Ian,Valentina,Reyes
Carson,Isla,Cruz
Axel,Eliana,Hughes
Jaxson,Quinn,Price
Dominic,Nevaeh,Myers
Leonardo,Sadie,Long
Luca,Piper,Foster
Austin,Lydia,Sanders
Jordan,Alexa,Ross
Adam,Josephine,Morales
Xavier,Emery,Powell
Jose,Julia,Sullivan
Jace,Delilah,Russell
Everett,Arianna,Ortiz
Declan,Kaylee,Jenkins
Evan,Sophie,Gutierrez
Kayden,Brielle,Perry
Parker,Madeline,Butler
Wesley,Peyton,Barnes
Kai,Rylee,Fisher
Brayden,Clara,Henderson
Bryson,Hadley,Coleman
Weston,Melanie,Simmons
Jason,Mackenzie,Patterson
Emmett,Reagan,Jordan
Sawyer,Adalynn,Reynolds
Silas,Liliana,Hamilton
Bennett,Aubree,Graham
Brooks,Jade,Kim
Micah,Katherine,Gonzales
Damian,Isabelle,Alexander
Harrison,Natalia,Ramos
Waylon,Raelynn,Wallace
Ayden,Maria,Griffin
Vincent,Athena,West
Ryder,Ximena,Cole
Kingston,Arya,Hayes
Rowan,Leilani,Chavez
George,Faith,Gibson
Luis,Rose,Bryant
Chase,Kylie,Ellis
Cole,Alexandra,Stevens
Nathaniel,Mary,Murray
Zachary,Margaret,Ford
Ashton,Lyla,Marshall
Braxton,Ashley,Owens
Gavin,Amaya,Mcdonald
Tyler,Eliza,Harrison
Diego,Brianna,Ruiz
Bentley,Bailey,Kennedy
Amir,Andrea,Wells
Beau,Khloe,Alvarez
Gael,Jasmine,Woods
Carlos,Melody,Mendoza
Ryker,Isabel,Castillo
Jasper,Norah,Olson
Max,Annabelle,Webb
Juan,Valeria,Washington
Ivan,Emerson,Tucker
Brandon,Adalyn,Freeman
Jonah,Ryleigh,Burns
Giovanni,Eden,Henry
Kaiden,Emersyn,Vasquez
Myles,Anastasia,Snyder
Calvin,Kayla,Simpson
Lorenzo,Alyssa,Crawford
Maxwell,Juliana,Jimenez
Jayce,Charlie,Porter
Kevin,Esther,Mason
Legend,Ariel,Shaw
Tristan,Cecilia,Gordon
Jesus,Valerie,Wagner
Jude,Alina,Hunter
Zion,Molly,Romero
Justin,Reese,Hicks
Maddox,Aliyah,Dixon
Abel,Lilly,Hunt
King,Parker,Palmer
Camden,Finley,Robertson
Elliott,Morgan,Black
Malachi,Sydney,Holmes
Milo,Jordyn,Stone
Emmanuel,Eloise,Meyer
Karter,Trinity,Boyd
Rhett,Daisy,Mills
Alex,Kimberly,Warren
August,Lauren,Fox
River,Genevieve,Rose
Xander,Sara,Rice
Antonio,Arabella,Moreno
Brody,Harmony,Schmidt
Finn,Elise,Patel
Elliot,Remi,Ferguson
Dean,Teagan,Nichols
Emiliano,Alexis,Herrera
Eric,London,Medina
Miguel,Sloane,Ryan
Arthur,Laila,Fernandez
Matteo,Lucia,Weaver
Graham,Diana,Daniels
Alan,Juliette,Stephens
Nicolas,Sienna,Gardner
Blake,Elliana,Payne
Thiago,Londyn,Kelley
Adriel,Ayla,Dunn
Victor,Callie,Pierce
Joel,Gracie,Arnold
Timothy,Josie,Tran
Hayden,Amara,Spencer
Judah,Jocelyn,Peters
Abraham,Daniela,Hawkins
Edward,Everleigh,Grant
Messiah,Mya,Hansen
Zayden,Rachel,Castro
Theo,Summer,Hoffman
Tucker,Alana,Hart
Grant,Brooke,Elliott
Richard,Alaina,Cunningham
Alejandro,Mckenzie,Knight
Steven,Catherine,Bradley
Jesse,Amy,Carroll
Dawson,Presley,Hudson
Bryce,Journee,Duncan
Avery,Rosalie,Armstrong
Oscar,Ember,Berry
Patrick,Brynlee,Andrews
Archer,Rowan,Johnston
Barrett,Joanna,Ray
Leon,Paige,Lane
Colt,Rebecca,Riley
Charlie,Ana,Carpenter
Peter,Mariah,Perkins
Kaleb,Nicole,Aguilar
Lukas,Brooklynn,Silva
Beckett,Payton,Richards
Jeremy,Marley,Willis
Preston,Fiona,Matthews
Enzo,Georgia,Chapman
Luka,Lila,Lawrence
Andres,Harley,Garza
Marcus,Adelyn,Vargas
Felix,Alivia,Watkins
Mark,Noelle,Wheeler
Ace,Gemma,Larson
Brantley,Vanessa,Carlson
Atlas,Journey,Harper
Remington,Makayla,George
Maximus,Angelina,Greene
Matias,Adaline,Burke
Walker,Catalina,Guzman
Kyrie,Alayna,Morrison
Griffin,Julianna,Munoz
Kenneth,Leila,Jacobs
Israel,Lola,Obrien
Javier,Adriana,Lawson
Kyler,June,Franklin
Jax,Juliet,Lynch
Amari,Jayla,Bishop
Zane,River,Carr
Emilio,Tessa,Salazar
Knox,Lia,Austin
Adonis,Dakota,Mendez
Aidan,Delaney,Gilbert
Kaden,Selena,Jensen
Paul,Blakely,Williamson
Omar,Ada,Montgomery
Brian,Camille,Harvey
Louis,Malia,Oliver
Caden,Hope,Howell
Maximiliano,Samara,Dean
Holden,Mckenna,Hanson
Paxton,Briella,Weber
Nash,Hayden,Garrett
Bradley,Raegan,Sims
Bryan,Michelle,Burton
Simon,Angela,Fuller
Phoenix,Ruth,Soto
Lane,Freya,Mccoy
Josue,Kamila,Welch
Colin,Aspen,Chen
Rafael,Olive,Schultz
Kyle,Kendall,Walters
Riley,Elaina,Reid
Jorge,Thea,Fields
Beckham,Kali,Walsh
Cayden,Amiyah,Little
Jaden,Evangeline,Fowler
Emerson,Cali,Bowman
Ronan,Blake,Davidson
Karson,Elsie,May
Arlo,Juniper,Day
Tobias,Alexandria,Schneider
Brady,Ariella,Newman
Clayton,Kate,Brewer
Francisco,Mariana,Lucas
Zander,Lilah,Holland
Erick,Charlee,Wong
Walter,Nyla,Banks
Daxton,Jane,Santos
Cash,Maggie,Curtis
Martin,Aniyah,Pearson
Damien,Lucille,Delgado
Dallas,Leia,Valdez
Cody,Melissa,Pena
Chance,Adelaide,Rios
Jensen,Amina,Douglas
Finley,Lena,Sandoval
Jett,Camilla,Barrett
Corbin,Miriam,Hopkins
Kash,Millie,Keller
Reid,Brynn,Guerrero
Kameron,Gabrielle,Stanley
Andre,Sage,Bates
Gunner,Annie,Alvarado
Jake,Logan,Beck
Hayes,Lilliana,Ortega
Manuel,Haven,Wade
Prince,Jessica,Estrada
Bodhi,Kaia,Contreras
Cohen,Magnolia,Barnett
Sean,Amira,Caldwell
Khalil,Adelynn,Santiago
Hendrix,Makenzie,Lambert
Derek,Stephanie,Powers
Cristian,Nina,Chambers
Cruz,Phoebe,Nunez
Kairo,Arielle,Craig
Dante,Evie,Leonard
Atticus,Lyric,Lowe
Killian,Alessandra,Rhodes
Stephen,Gabriela,Byrd
Orion,Paislee,Gregory
Malakai,Raelyn,Shelton
Ali,Madilyn,Frazier
Eduardo,Paris,Becker
Fernando,Makenna,Maldonado
Anderson,Kinley,Fleming
Angelo,Gracelyn,Vega
Spencer,Talia,Sutton
Gideon,Maeve,Cohen
Mario,Rylie,Jennings
Titus,Kiara,Parks
Travis,Evelynn,Mcdaniel
Rylan,Brinley,Watts
Kayson,Jacqueline,Barker
Ricardo,Laura,Norris
Tanner,Gracelynn,Vaughn
Malcolm,Lexi,Vazquez
Raymond,Ariah,Holt
Odin,Fatima,Schwartz
Cesar,Jennifer,Steele
Lennox,Alani,Benson
Joaquin,Ariyah,Neal
Kane,Luciana,Dominguez
Wade,Allie,Horton
Muhammad,Heidi,Terry
Iker,Maci,Wolfe
Jaylen,Phoenix,Hale
Crew,Felicity,Lyons
Zayn,Joy,Graves
Hector,Kenzie,Haynes
Ellis,Margot,Miles
Leonel,Addilyn,Park
Cairo,Lana,Warner
Garrett,Cassidy,Padilla
Romeo,Remington,Bush
Dakota,Saylor,Thornton
Edwin,Ryan,Mccarthy
Warren,Keira,Mann
Julius,Harlow,Zimmerman
Major,Miranda,Erickson
Donovan,Angel,Fletcher
Caiden,Amanda,Mckinney
Tyson,Daniella,Page
Nico,Gwendolyn,Dawson
Sergio,Ophelia,Joseph
Nasir,Heaven,Marquez
Rory,Jordan,Reeves
Devin,Madeleine,Klein
Jaiden,Esmeralda,Espinoza
Jared,Kira,Baldwin
Kason,Miracle,Moran
Malik,Elle,Love
Jeffrey,Amari,Robbins
Ismael,Danielle,Higgins
Elian,Daphne,Ball
Marshall,Willa,Cortez
Lawson,Haley,Le
Desmond,Gia,Griffith
Winston,Kaitlyn,Bowen
Nehemiah,Oakley,Sharp
Ari,Kailani,Cummings
Conner,Winter,Ramsey
Jay,Alicia,Hardy
Kade,Serena,Swanson
Andy,Nadia,Barber
Johnny,Aviana,Acosta
Jayceon,Demi,Luna
Marco,Jada,Chandler
Seth,Braelynn,Blair
Ibrahim,Dylan,Daniel
Raiden,Ainsley,Cross
Collin,Alison,Simon
Edgar,Camryn,Dennis
Erik,Avianna,Oconnor
Troy,Bianca,Quinn
Clark,Skyler,Gross
Jaxton,Scarlet,Navarro
Johnathan,Maddison,Moss
Gregory,Nylah,Fitzgerald
Russell,Sarai,Doyle
Royce,Regina,Mclaughlin
Fabian,Dahlia,Rojas
Ezequiel,Nayeli,Rodgers
Noel,Raven,Stevenson
Pablo,Helen,Singh
Cade,Adrianna,Yang
Pedro,Averie,Figueroa
Sullivan,Skye,Harmon
Trevor,Kelsey,Newton
Reed,Tatum,Paul
Quinn,Kensley,Manning
Frank,Maliyah,Garner
Harvey,Erin,Mcgee
Princeton,Viviana,Reese
Zayne,Jenna,Francis
Matthias,Anaya,Burgess
Conor,Carolina,Adkins
Sterling,Shelby,Goodman
Dax,Sabrina,Curry
Grady,Mikayla,Brady
Cyrus,Annalise,Christensen
Gage,Octavia,Potter
Leland,Lennon,Walton
Solomon,Blair,Goodwin
Emanuel,Carmen,Mullins
Niko,Yaretzi,Molina
Ruben,Kennedi,Webster
Kasen,Mabel,Fischer
Mathias,Kyla,Campos
Kashton,Christina,Avila
Franklin,Selah,Sherman
Remy,Celeste,Todd
Shane,Eve,Chang
Kendrick,Mckinley,Blake
Shawn,Milani,Malone
Otto,Frances,Wolf
Armani,Jimena,Hodges
Keegan,Kylee,Juarez
Finnegan,Leighton,Gill
Memphis,Katie,Farmer
Bowen,Aitana,Hines
Dominick,Kayleigh,Gallagher
Kolton,Sierra,Duran
Jamison,Kathryn,Hubbard
Allen,Rosemary,Cannon
Philip,Jolene,Miranda
Tate,Alondra,Wang
Peyton,Elisa,Saunders
Jase,Helena,Tate
Oakley,Charleigh,Mack
Rhys,Hallie,Hammond
Kyson,Lainey,Carrillo
Adan,Avah,Townsend
Esteban,Jazlyn,Wise
Dalton,Kamryn,Ingram
Gianni,Mira,Barton
Callum,Cheyenne,Mejia
Sage,Francesca,Ayala
Alexis,Antonella,Schroeder
Milan,Wren,Hampton
Moises,Chelsea,Rowe
Jonas,Amber,Parsons
Uriel,Emory,Frank
Colson,Lorelei,Waters
Marcos,Nia,Strickland
Zaiden,Abby,Osborne
Hank,April,Maxwell
Damon,Emelia,Chan
Hugo,Carter,Deleon
Ronin,Aylin,Norman
Royal,Cataleya,Harrington
Kamden,Bethany,Casey
Dexter,Marlee,Patton
Luciano,Carly,Logan
Alonzo,Emely,Bowers
Augustus,Liana,Mueller
Kamari,Madelynn,Glover
Eden,Cadence,Floyd
Roberto,Matilda,Hartman
Baker,Sylvia,Buchanan
Bruce,Myra,Cobb
Kian,Fernanda,French
Albert,Elianna,Kramer
Frederick,Hattie,Mccormick
Mohamed,Dayana,Clarke
Abram,Kendra,Tyler
Omari,Maisie,Gibbs
Porter,Malaysia,Moody
Enrique,Kara,Conner
Alijah,Katelyn,Sparks
Francis,Maia,Mcguire
Leonidas,Celine,Leon
Zachariah,Cameron,Bauer
Landen,Renata,Norton
Wilder,Jayleen,Pope
Apollo,Charli,Flynn
Santino,Emmalyn,Hogan
Tatum,Holly,Robles
Pierce,Azalea,Salinas
Forrest,Leona,Yates
Corey,Alejandra,Lindsey
Derrick,Bristol,Lloyd
Isaias,Collins,Marsh
Kaison,Meadow,Mcbride
Kieran,Alexia,Owen
Arjun,Edith,Solis
Gunnar,Kaydence,Pham
Rocco,Leslie,Lang
Emmitt,Lilith,Pratt
Abdiel,Kora,Lara
Braylen,Aisha,Brock
Maximilian,Meredith,Ballard
Skyler,Danna,Trujillo
Phillip,Emberly,Shaffer
Benson,Julieta,Drake
Cannon,Michaela,Roman
Deacon,Alayah,Aguirre
Dorian,Jemma,Morton
Asa,Reign,Stokes
Moses,Colette,Lamb
Ayaan,Kaliyah,Pacheco
Jayson,Elliott,Patrick
Raul,Johanna,Cochran
Briggs,Remy,Shepherd
Armando,Sutton,Cain
Nikolai,Emmy,Burnett
Cassius,Virginia,Hess
Drew,Briana,Li
Rodrigo,Adelina,Cervantes
Raphael,Everlee,Olsen
Danny,Megan,Briggs
Conrad,Angelica,Ochoa
Moshe,Justice,Cabrera
Zyaire,Mariam,Velasquez
Julio,Khaleesi,Montoya
Casey,Macie,Roth
Ronald,Karsyn,Meyers
Scott,Alanna,Cardenas
Callan,Aleah,Fuentes
Roland,Mae,Weiss
Saul,Mallory,Hoover
Jalen,Esme,Wilkins
Brycen,Skyla,Nicholson
Ryland,Madilynn,Underwood
Lawrence,Charley,Short
Davis,Allyson,Carson
Rowen,Hanna,Morrow
Zain,Shiloh,Colon
Ermias,Henley,Holloway
Jaime,Macy,Summers
Duke,Maryam,Bryan
Stetson,Ivanna,Petersen
Alec,Ashlynn,Mckenzie
Yusuf,Lorelai,Serrano
Case,Amora,Wilcox
Trenton,Ashlyn,Carey
Callen,Sasha,Clayton
Ariel,Baylee,Poole
Jasiah,Beatrice,Calderon
Soren,Priscilla,Gallegos
Dennis,Marie,Greer
Donald,Jayda,Rivas
Keith,Liberty,Guerra
Izaiah,Rory,Decker
Lewis,Alessia,Collier
Kylan,Alaia,Wall
Kobe,Janelle,Whitaker
Makai,Kalani,Bass
Rayan,Gloria,Flowers
Ford,Sloan,Davenport
Zaire,Dorothy,Conley
Landyn,Greta,Houston
Roy,Julie,Huff
Bo,Zahra,Copeland
Chris,Savanna,Hood
Jamari,Annabella,Monroe
Ares,Poppy,Massey
Mohammad,Amalia,Roberson
Darius,Cecelia,Combs
Drake,Coraline,Franco
Tripp,Kimber,Larsen
Marcelo,Emmie,Pittman
Samson,Anne,Randall
Dustin,Karina,Skinner
Layton,Kassidy,Wilkinson
Gerardo,Kynlee,Kirby
Johan,Monroe,Cameron
Kaysen,Anahi,Bridges
Keaton,Jaliyah,Anthony
Reece,Jazmin,Richard
Chandler,Maren,Kirk
Lucca,Monica,Bruce
Mack,Marilyn,Singleton
Baylor,Reyna,Mathis
Kannon,Kyra,Bradford
Marvin,Lilian,Boone
Huxley,Jamie,Abbott
Nixon,Melany,Charles
Tony,Alaya,Allison
Cason,Ariya,Sweeney
Mauricio,Kelly,Atkinson
Quentin,Rosie,Horn
Edison,Adley,Jefferson
Quincy,Jaylah,Rosales
Ahmed,Laurel,York
Finnley,Jazmine,Christian
Justice,Mina,Phelps
Taylor,Karla,Farrell
Gustavo,Bailee,Castaneda
Brock,Aubrie,Nash
Ahmad,Katalina,Dickerson
Kyree,Melina,Bond
Arturo,Harlee,Wyatt
Nikolas,Elliot,Foley
Boston,Hayley,Chase
Sincere,Elaine,Gates
Alessandro,Karen,Vincent
Braylon,Dallas,Mathews
Colby,Irene,Hodge
Leonard,Lylah,Garrison
Ridge,Chaya,Trevino
Trey,Rosa,Villarreal
Aden,Aleena,Heath
Leandro,Braelyn,Dalton
Sam,Nola,Valencia
Uriah,Alma,Callahan
Ty,Leyla,Hensley
Sylas,Pearl,Atkins
Axton,Addyson,Huffman
Issac,Roselyn,Roy
Fletcher,Lacey,Boyer
Julien,Lennox,Shields
Wells,Reina,Lin
Alden,Aurelia,Hancock
Vihaan,Noa,Grimes
Jamir,Janiyah,Glenn
Valentino,Jessie,Cline
Shepherd,Madisyn,Delacruz
Keanu,Saige,Camacho
Hezekiah,Alia,Dillon
Lionel,Tiana,Parrish
Kohen,Astrid,Oneill
Zaid,Cassandra,Melton
Alberto,Kyleigh,Booth
Neil,Romina,Kane
Denver,Stevie,Berg
Aarav,Haylee,Harrell
Brendan,Zelda,Pitts
Dillon,Lillie,Savage
Koda,Aileen,Wiggins
Sutton,Brylee,Brennan
Kingsley,Eileen,Salas
Sonny,Yara,Marks
Alfredo,Ensley,Russo
Wilson,Lauryn,Sawyer
Harry,Giuliana,Baxter
Jaziel,Livia,Golden
Salvador,Anya,Hutchinson
Cullen,Mikaela,Liu
Hamza,Palmer,Walter
Dariel,Lyra,Mcdowell
Rex,Mara,Wiley
Zeke,Marina,Rich
Mohammed,Kailey,Humphrey
Nelson,Liv,Johns
Boone,Clementine,Koch
Ricky,Kenna,Suarez
Santana,Briar,Hobbs
Cayson,Galilea,Beard
Lance,Tiffany,Gilmore
Raylan,Bonnie,Ibarra
Lucian,Elyse,Keith
Eliel,Cynthia,Macias
Alvin,Frida,Khan
Jagger,Kinslee,Andrade
Braden,Tatiana,Ware
Curtis,Joelle,Stephenson
Mathew,Armani,Henson
Jimmy,Jolie,Wilkerson
Kareem,Nalani,Dyer
Archie,Rayna,Mcclure
Amos,Meghan,Blackwell
Quinton,Rebekah,Mercado
Yosef,Faye,Tanner
Bodie,Lea,Eaton
Jerry,Aliza,Clay
Langston,Julissa,Barron
Axl,Lilyana,Beasley
Stanley,Anika,Oneal
Clay,Kairi,Preston
Douglas,Aniya,Small
Layne,Noemi,Wu
Titan,Angie,Zamora
Tomas,Crystal,Macdonald
Houston,Bridget,Vance
Darren,Ari,Snow
Lachlan,Davina,Mcclain
Kase,Amelie,Stafford
Korbin,Amirah,Orozco
Leighton,Annika,Barry
Joziah,Elora,English
Samir,Linda,Shannon
Watson,Hana,Kline
Colten,Laney,Jacobson
Roger,Mercy,Woodard
Shiloh,Hadassah,Huang
Tommy,Madalyn,Kemp
Mitchell,Louisa,Mosley
Azariah,Simone,Prince
Noe,Kori,Merritt
Talon,Jillian,Hurst
Deandre,Alena,Villanueva
Lochlan,Malaya,Roach
Joe,Miley,Nolan
Carmelo,Milan,Lam
Otis,Sariyah,Yoder
Randy,Malani,Mccullough
Byron,Clarissa,Lester
Chaim,Nala,Santana
Lennon,Princess,Valenzuela
Devon,Amani,Winters
Nathanael,Analia,Barrera
Bruno,Estella,Leach
Aryan,Milana,Orr
Flynn,Aya,Berger
Vicente,Chana,Mckee
Brixton,Jayde,Strong
Kyro,Tenley,Conway
Brennan,Penny,Stein
Casen,Ailani,Whitehead
Kenzo,Lara,Bullock
Orlando,Aubriella,Escobar
Castiel,Clare,Knox
Rayden,Lina,Meadows
Ben,Rhea,Solomon
Grey,Bria,Velez
Jedidiah,Thalia,Odonnell
Tadeo,Keyla,Kerr
Morgan,Ryann,Stout
Augustine,Addisyn,Blankenship
Mekhi,Amaia,Browning
Abdullah,Chanel,Kent
Ramon,Ellen,Lozano
Saint,Harmoni,Bartlett
Emery,Aliana,Pruitt
Maurice,Landry,Buck
Jefferson,Lexie,Barr
Maximo,Rylan,Gaines
Koa,Deborah,Durham
Ray,Emilee,Gentry
Jamie,Laylah,Mcintyre
Eddie,Novalee,Sloan
Guillermo,Ellis,Melendez
Onyx,Emmeline,Rocha
Thaddeus,Avalynn,Herman
Wayne,Hadlee,Sexton
Hassan,Legacy,Moon
Alonso,Braylee,Hendricks
Dash,Elisabeth,Rangel
Elisha,Kaylie,Stark
Jaxxon,Ansley,Lowery
Rohan,Dior,Hardin
Carl,Paula,Hull
Kelvin,Belen,Sellers
Jon,Corinne,Ellison
Larry,Maleah,Calhoun
Reese,Martha,Gillespie
Aldo,Teresa,Mora
Marcel,Salma,Knapp
Melvin,Louise,Mccall
Yousef,Averi,Morse
Aron,Lilianna,Dorsey
Kace,Amiya,Weeks
Vincenzo,Milena,Nielsen
Kellan,Royal,Livingston
Miller,Aubrielle,Leblanc
Jakob,Calliope,Mclean
Reign,Frankie,Bradshaw
Kellen,Natasha,Glass
Kristopher,Kamilah,Middleton
Ernesto,Raina,Buckley
Briar,Amayah,Schaefer
Gary,Lailah,Frost
Trace,Rayne,Howe
Joey,Nathalie,House
Clyde,Miah,Mcintosh
Enoch,Opal,Ho
Jaxx,Kenia,Pennington
Crosby,Azariah,Reilly
Magnus,Hunter,Hebert
Fisher,Tori,Mcfarland
Jadiel,Andi,Hickman
Bronson,Keily,Noble
Eugene,Leanna,Spears
Lee,Jaelyn,Conrad
Brecken,Saoirse,Arias
Atreus,Selene,Galvan
Madden,Lindsey,Velazquez
Khari,Marianna,Huynh
Caspian,Ramona,Frederick
Ishaan,Estelle,Randolph
Kristian,Giovanna,Cantu
Westley,Holland,Fitzpatrick
Hugh,Nancy,Mahoney
Kamryn,Emmalynn,Peck
Musa,Rosalee,Villa
Rey,Sariah,Michael
Thatcher,Zoie,Donovan
Alfred,Blaire,Mcconnell
Emory,Maxine,Walls
Kye,Anais,Boyle
Reyansh,Dana,Mayer
Yahir,Judith,Zuniga
Cain,Kiera,Giles
Mordechai,Jaelynn,Pineda
Zayd,Noor,Pace
Demetrius,Kai,Hurley
Harley,Adalee,Mays
Felipe,Oaklee,Mcmillan
Louie,Amaris,Crosby
Branson,Jaycee,Ayers
Graysen,Belle,Case
Allan,Carolyn,Bentley
Kole,Della,Shepard
Harold,Karter,Everett
Alvaro,Sky,Pugh
Harlan,Treasure,David
Amias,Jewel,Mcmahon
Brett,Rivka,Dunlap
Khalid,Rosalyn,Bender
Misael,Alannah,Hahn
Westin,Ellianna,Harding
Zechariah,Sunny,Acevedo
Aydin,Claudia,Raymond
Kaiser,Cara,Blackburn
Lian,Hailee,Duffy
Bryant,Estrella,Landry
Junior,Harleigh,Dougherty
Legacy,Alianna,Bautista
Ulises,Brittany,Shah
Bellamy,Jaylene,Potts
Brayan,Marissa,Arroyo
Kody,Mavis,Valentine
Ledger,Jurnee,Meza
Eliseo,Aislinn,Gould
Gordon,Alyson,Vaughan
London,Elsa,Fry
Rocky,Kiana,Rush
Valentin,Lisa,Avery
Terry,Arlette,Herring
Damari,Kadence,Dodson
Trent,Kathleen,Clements
Bentlee,Halle,Sampson
Canaan,Erika,Tapia
Gatlin,Sylvie,Bean
Kiaan,Adele,Lynn
Franco,Erica,Crane
Eithan,Emmaline,Farley
Idris,Guadalupe,Cisneros
Krew,August,Benton
Yehuda,Brynleigh,Ashley
Marlon,Gwen,Mckay
Rodney,Promise,Finley
Creed,Alisson,Best
Salvatore,Madalynn,Blevins
Stefan,Paloma,Friedman
Tristen,Patricia,Moses
Adrien,Samira,Sosa
Jamal,Aliya,Blanchard
Judson,Casey,Huber
Camilo,Jazlynn,Frye
Kenny,Paulina,Krueger
Nova,Dulce,Bernard
Robin,Kallie,Rosario
Rudy,Perla,Rubio
Van,Adrienne,Mullen
Bjorn,Alora,Benjamin
Brodie,Nataly,Haley
Mac,Ayleen,Chung
Jacoby,Christine,Moyer
Sekani,Kaiya,Choi
Vivaan,Ariadne,Horne
Blaine,Karlee,Yu
Ira,Barbara,Woodward
Ameer,Lillianna,Ali
Dominik,Raquel,Nixon
Alaric,Arely,Hayden
Dane,Celia,Rivers
Jeremias,Heavenly,Estes
Kyng,Kaylin,Mccarty
Reginald,Marisol,Richmond
Bobby,Marleigh,Stuart
Kabir,Avalyn,Maynard
Jairo,Berkley,Brandt
Alexzander,Zainab,Oconnell
Benicio,Dani,Hanna
Vance,Egypt,Sanford
Wallace,Joyce,Sheppard
Zavier,Kenley,Church
Billy,Annabel,Burch
Callahan,Kaelyn,Levy
Dakari,Etta,Rasmussen
Gerald,Hadleigh,Coffey
Turner,Joselyn,Ponce
Bear,Luella,Faulkner
Jabari,Jaylee,Donaldson
Cory,Alisha,Schmitt
Fox,Ezra,Novak
Harlem,Queen,Costa
Jakari,Amia,Montes
Jeffery,Annalee,Booker
Maxton,Bellamy,Cordova
Ronnie,Paola,Waller
Yisroel,Tinley,Arellano
Zakai,Violeta,Maddox
Bridger,Arden,Mata
Remi,Giana,Bonilla
Arian,Ellison,Stanton
Blaze,Florence,Compton
Forest,Margo,Kaufman
Genesis,Naya,Dudley
Jerome,Robin,Mcpherson
Reuben,Sandra,Beltran
Wesson,Scout,Dickson
Anders,Janessa,Mccann
Banks,Jayden,Villegas
Calum,Micah,Proctor
Dayton,Zora,Hester
Kylen,Ann,Cantrell
Dangelo,Jana,Daugherty
Emir,Taliyah,Cherry
Malakhi,Giavanna,Bray
Salem,Ingrid,Davila
Blaise,Azaria,Rowland
Tru,Emmarie,Levine
Boden,Esperanza,Madden
Kolten,Kailyn,Spence
Kylo,Aiyana,Good
Aries,Keilani,Irwin
Henrik,Austyn,Werner
Kalel,Elina,Krause
Landry,Kimora,Petty
Marcellus,Maliah,Whitney
Zahir,Ivy,Baird
Lyle,Vivian,Hooper
Dario,Taylor,Pollard
Rene,Iris,Zavala
Terrance,Sawyer,Jarvis
Xzavier,Zara,Holden
Alfonso,Vera,Haas
Darian,Izabella,Hendrix
Kylian,Vivienne,Mcgrath
Maison,Destiny,Bird
Foster,Myla,Lucero
Keenan,Daleyza,Terrell
Yahya,Zuri,Riggs
Heath,Giselle,Joyce
Javion,Kehlani,Mercer
Jericho,Veronica,Rollins
Aziel,Royalty,Galloway
Darwin,Zariah,Duke
Marquis,Kaylani,Odom
Mylo,Oaklyn,Andersen
Ambrose,Imani,Downs
Anakin,Wynter,Hatfield
Jordy,Oaklynn,Benitez
Juelz,Itzel,Archer
Toby,Zaylee,Huerta
Yael,Siena,Travis
Azrael,Dream,Mcneil
Brentley,Ivory,Hinton
Tristian,Emerie,Zhang
Bode,Yareli,Hays
Jovanni,Addilynn,Mayo
Santos,Zariyah,Fritz
Alistair,Xiomara,Branch
Braydon,Zaria,Mooney
Kamdyn,Itzayana,Ewing
Marc,Haisley,Ritter
Mayson,Tinsley,Esparza
Niklaus,Paisleigh,Frey
Simeon,Myah,Braun
Colter,Meilani,Gay
Davion,Zaniyah,Riddle
Leroy,Isabela,Haney
Ayan,Scarlette,Kaiser
Dilan,Dalary,Holder
Ephraim,Mylah,Chaney
Anson,Lyanna,Mcknight
Merrick,Vienna,Gamble
Wes,Zhavia,Vang
Will,Journi,Cooley
Jaxen,Iliana,Carney
Maxim,Kamiyah,Cowan
Howard,Veda,Forbes
Jad,Whitney,Ferrell
Jesiah,Bexley,Davies
Ignacio,India,Barajas
Zyon,Saniyah,Shea
Ahmir,Yamileth,Osborn
Jair,Kataleya,Bright
Mustafa,Zola,Cuevas
Jermaine,Jenesis,Bolton
Yadiel,Wendy,Murillo
Aayan,Waverly,Lutz
Dhruv,Novah,Duarte
Seven,Vada,Kidd
Stone,Valery,Key
Rome,Whitley,McDonough
